{"color_path": "scene6/000001.jpg", "depth_path": "scene6/000001.png", "width": 1280, "height": 720, "instances": [{"id": 0, "category_id": 1, "urdf_id": 5, "links": [{"id": 0, "link_category_id": 1, "transformation": [[0.844240963459015, -0.036667887121439, -0.0876014679670334, 0.241866439580917], [-0.0949449390172958, -0.342425793409348, -0.771680772304535, -0.0529459975659847], [-0.00200231675989926, 0.776634573936462, -0.344377666711807, 0.899801015853882], [0, 0, 0, 1]], "segmentation": [[896, 266, 896, 267, 895, 268, 894, 268, 893, 267, 892, 267, 891, 267, 890, 267, 889, 267, 888, 267, 887, 267, 886, 268, 885, 267, 884, 268, 883, 269, 882, 269, 881, 268, 880, 268, 879, 268, 878, 268, 877, 268, 876, 268, 875, 268, 874, 268, 873, 268, 872, 268, 871, 268, 870, 268, 869, 269, 868, 269, 867, 269, 866, 270, 865, 269, 864, 269, 863, 269, 862, 269, 861, 269, 860, 270, 859, 270, 858, 269, 857, 270, 856, 270, 855, 270, 854, 270, 853, 270, 852, 270, 851, 270, 850, 270, 849, 269, 848, 270, 847, 270, 846, 271, 845, 271, 844, 271, 843, 271, 842, 272, 843, 273, 843, 274, 844, 275, 844, 276, 844, 277, 845, 278, 845, 279, 846, 280, 846, 281, 846, 282, 847, 282, 848, 283, 848, 284, 849, 285, 850, 286, 851, 287, 852, 288, 853, 289, 853, 290, 854, 291, 855, 292, 856, 293, 857, 294, 857, 295, 858, 296, 859, 297, 859, 298, 860, 299, 860, 300, 860, 301, 861, 302, 861, 303, 862, 304, 863, 305, 863, 306, 863, 307, 864, 308, 864, 309, 865, 310, 865, 311, 866, 312, 866, 313, 867, 314, 867, 315, 868, 316, 868, 317, 868, 318, 869, 319, 869, 320, 869, 321, 870, 322, 871, 323, 871, 324, 871, 325, 872, 326, 872, 327, 873, 328, 873, 329, 874, 330, 874, 331, 875, 332, 875, 333, 875, 334, 876, 335, 876, 336, 875, 337, 874, 337, 873, 337, 872, 337, 871, 336, 870, 335, 869, 334, 868, 333, 867, 332, 866, 331, 865, 330, 865, 329, 864, 328, 863, 327, 862, 326, 862, 325, 861, 324, 860, 323, 859, 322, 858, 321, 858, 320, 857, 319, 856, 318, 855, 317, 855, 316, 854, 315, 853, 314, 852, 313, 852, 312, 851, 311, 850, 310, 849, 309, 849, 308, 848, 307, 847, 306, 847, 305, 846, 304, 845, 303, 844, 302, 844, 301, 843, 300, 842, 299, 842, 298, 841, 297, 840, 296, 839, 295, 839, 294, 838, 293, 837, 292, 836, 291, 836, 290, 835, 289, 834, 288, 834, 287, 833, 286, 832, 285, 831, 284, 831, 283, 830, 282, 829, 281, 829, 280, 828, 279, 829, 280, 829, 281, 829, 282, 829, 283, 829, 284, 829, 285, 829, 286, 829, 287, 829, 288, 828, 289, 828, 290, 828, 291, 828, 292, 829, 292, 830, 293, 831, 294, 831, 295, 832, 296, 833, 297, 834, 298, 834, 299, 835, 300, 836, 301, 836, 302, 837, 303, 838, 304, 838, 305, 839, 306, 840, 307, 840, 308, 841, 309, 842, 310, 843, 311, 843, 312, 844, 313, 845, 314, 845, 315, 846, 316, 847, 317, 848, 318, 848, 319, 849, 320, 850, 321, 850, 322, 851, 323, 852, 324, 853, 325, 853, 326, 854, 327, 855, 328, 855, 329, 856, 330, 857, 331, 858, 332, 858, 333, 859, 334, 860, 335, 860, 336, 861, 337, 862, 338, 863, 339, 863, 340, 864, 341, 865, 342, 865, 343, 866, 344, 867, 345, 868, 346, 868, 347, 869, 348, 870, 349, 870, 350, 871, 351, 872, 352, 873, 353, 873, 354, 873, 355, 873, 356, 874, 357, 874, 358, 875, 359, 876, 359, 877, 360, 878, 360, 879, 360, 880, 360, 881, 360, 882, 360, 883, 360, 884, 360, 885, 360, 886, 360, 887, 360, 888, 360, 889, 360, 890, 360, 891, 360, 892, 359, 893, 359, 894, 359, 895, 359, 896, 359, 897, 359, 898, 359, 899, 359, 900, 359, 901, 359, 902, 359, 903, 358, 904, 358, 905, 358, 906, 358, 907, 358, 908, 358, 909, 358, 910, 358, 911, 358, 912, 358, 913, 357, 914, 357, 915, 357, 916, 357, 917, 357, 918, 357, 919, 357, 920, 357, 921, 357, 922, 357, 923, 356, 924, 356, 925, 356, 926, 356, 927, 356, 928, 356, 929, 356, 930, 356, 931, 356, 932, 355, 933, 355, 934, 355, 935, 355, 936, 355, 937, 355, 938, 355, 939, 355, 940, 355, 941, 354, 942, 354, 943, 354, 944, 354, 945, 354, 946, 354, 947, 354, 948, 354, 949, 354, 950, 353, 951, 353, 952, 353, 953, 353, 954, 353, 955, 352, 956, 352, 957, 352, 958, 351, 959, 350, 958, 349, 958, 348, 957, 347, 957, 346, 957, 345, 957, 344, 957, 343, 957, 342, 958, 341, 958, 340, 958, 339, 958, 338, 958, 337, 958, 336, 958, 335, 958, 334, 958, 333, 959, 332, 959, 331, 960, 330, 960, 329, 959, 328, 958, 327, 957, 327, 956, 326, 955, 325, 954, 324, 953, 323, 952, 322, 951, 322, 950, 321, 950, 320, 949, 320, 948, 320, 947, 319, 946, 318, 945, 317, 944, 316, 943, 315, 943, 314, 943, 313, 943, 312, 942, 311, 942, 310, 941, 309, 940, 308, 939, 307, 938, 306, 937, 305, 936, 304, 935, 303, 934, 303, 933, 303, 932, 303, 931, 303, 930, 302, 930, 301, 929, 300, 928, 299, 927, 298, 926, 297, 925, 296, 924, 295, 923, 294, 922, 293, 921, 292, 920, 291, 919, 290, 919, 289, 918, 288, 918, 287, 918, 286, 917, 286, 916, 285, 915, 284, 914, 283, 913, 282, 913, 281, 912, 280, 911, 279, 910, 279, 909, 278, 908, 277, 907, 276, 906, 275, 905, 274, 904, 273, 903, 272, 902, 271, 901, 271, 900, 270, 900, 269, 899, 268, 898, 267, 898, 266, 897, 266], [843, 274, 844, 273, 845, 274, 844, 275]]}, {"id": 1, "link_category_id": 2, "transformation": [[0.390788823366165, -0.0305730067193508, 0.753731250762939, 0.210589334368706], [0.685663461685181, -0.339510589838028, -0.369268804788589, -0.0250136032700539], [0.314501285552979, 0.778176844120026, -0.131495654582977, 0.910430312156677], [0, 0, 0, 1]], "segmentation": [[802, 214, 802, 215, 801, 216, 801, 217, 801, 218, 801, 219, 801, 220, 801, 221, 802, 222, 802, 223, 802, 224, 803, 225, 803, 226, 804, 227, 804, 228, 805, 229, 805, 230, 805, 231, 806, 232, 806, 233, 807, 234, 807, 235, 808, 236, 808, 237, 808, 238, 809, 239, 809, 240, 810, 241, 810, 242, 811, 243, 811, 244, 812, 245, 812, 246, 812, 247, 813, 248, 813, 249, 814, 250, 814, 251, 815, 252, 815, 253, 816, 254, 816, 255, 817, 256, 817, 257, 817, 258, 818, 259, 818, 260, 819, 261, 819, 262, 820, 263, 820, 264, 821, 265, 821, 266, 822, 267, 822, 268, 823, 269, 823, 270, 824, 271, 824, 272, 825, 273, 826, 274, 826, 275, 827, 276, 828, 277, 828, 278, 829, 279, 830, 280, 830, 281, 831, 282, 832, 283, 832, 284, 833, 285, 834, 286, 835, 287, 835, 288, 836, 289, 837, 290, 837, 291, 838, 292, 839, 293, 840, 294, 840, 295, 841, 296, 842, 297, 843, 298, 843, 299, 844, 300, 845, 301, 845, 302, 846, 303, 847, 304, 848, 305, 848, 306, 849, 307, 850, 308, 850, 309, 851, 310, 852, 311, 853, 312, 853, 313, 854, 314, 855, 315, 856, 316, 856, 317, 857, 318, 858, 319, 859, 320, 859, 321, 860, 322, 861, 323, 862, 324, 863, 325, 863, 326, 864, 327, 865, 328, 866, 329, 866, 330, 867, 331, 868, 332, 869, 333, 870, 334, 871, 335, 872, 336, 873, 336, 874, 336, 875, 336, 875, 335, 874, 334, 874, 333, 874, 332, 873, 331, 873, 330, 872, 329, 872, 328, 871, 327, 871, 326, 870, 325, 870, 324, 870, 323, 869, 322, 868, 321, 868, 320, 868, 319, 867, 318, 867, 317, 867, 316, 866, 315, 866, 314, 865, 313, 865, 312, 864, 311, 864, 310, 863, 309, 863, 308, 862, 307, 862, 306, 862, 305, 861, 304, 860, 303, 860, 302, 859, 301, 859, 300, 859, 299, 858, 298, 858, 297, 857, 296, 856, 295, 856, 294, 855, 293, 854, 292, 853, 291, 852, 290, 852, 289, 851, 288, 850, 287, 849, 286, 848, 285, 847, 284, 847, 283, 846, 283, 845, 282, 845, 281, 845, 280, 844, 279, 844, 278, 843, 277, 843, 276, 843, 275, 842, 274, 842, 273, 841, 272, 841, 271, 840, 270, 840, 269, 840, 268, 839, 267, 839, 266, 838, 265, 838, 264, 837, 263, 836, 262, 835, 261, 835, 260, 834, 259, 834, 258, 834, 257, 834, 256, 834, 255, 833, 254, 832, 254, 831, 253, 831, 252, 830, 251, 829, 250, 828, 249, 828, 248, 827, 247, 827, 246, 828, 245, 829, 244, 829, 243, 830, 242, 829, 243, 828, 243, 827, 244, 826, 244, 825, 243, 824, 242, 824, 241, 823, 240, 823, 239, 822, 238, 821, 237, 820, 236, 820, 235, 819, 234, 818, 233, 818, 232, 817, 231, 816, 231, 815, 231, 814, 230, 814, 229, 813, 228, 812, 227, 812, 226, 811, 225, 811, 224, 810, 223, 809, 222, 809, 221, 808, 220, 807, 219, 807, 218, 806, 217, 806, 216, 805, 215, 804, 214, 803, 214]]}], "bbox": [801, 214, 961, 361]}, {"id": 1, "category_id": 1, "urdf_id": 3, "links": [{"id": 0,