{"color_path": "scene6/000004.jpg", "depth_path": "scene6/000004.png", "width": 1280, "height": 720, "instances": [{"id": 0, "category_id": 1, "urdf_id": 5, "links": [{"id": 0, "link_category_id": 1, "transformation": [[0.844240963459015, -0.036667887121439, -0.0876014679670334, 0.241866439580917], [-0.0949449390172958, -0.342425793409348, -0.771680772304535, -0.0529459975659847], [-0.00200231675989926, 0.776634573936462, -0.344377666711807, 0.899801015853882], [0, 0, 0, 1]], "segmentation": [[896, 266, 896, 267, 895, 268, 894, 268, 893, 267, 892, 267, 891, 267, 890, 267, 889, 267, 888, 267, 887, 267, 886, 268, 885, 267, 884, 268, 883, 269, 882, 269, 881, 268, 880, 268, 879, 268, 878, 268, 877, 268, 876, 268, 875, 268, 874, 268, 873, 268, 872, 268, 871, 268, 870, 268, 869, 269, 868, 269, 867, 269, 866, 270, 865, 269, 864, 269, 863, 269, 862, 269, 861, 269, 860, 270, 859, 270, 858, 269, 857, 270, 856, 270, 855, 270, 854, 270, 853, 270, 852, 270, 851, 270, 850, 270, 849, 269, 848, 270, 847, 270, 846, 271, 845, 271, 844, 271, 843, 271, 842, 272, 841, 272, 840, 271, 839, 270, 838, 271, 837, 272, 836, 272, 835, 271, 834, 271, 833, 271, 832, 272, 831, 272, 830, 271, 829, 271, 828, 272, 828, 273, 828, 274, 828, 275, 829, 275, 830, 276, 831, 277, 832, 278, 832, 279, 833, 280, 834, 281, 834, 282, 835, 283, 836, 284, 836, 285, 837, 286, 838, 287, 839, 288, 839, 289, 840, 290, 841, 291, 841, 292, 842, 293, 843, 294, 844, 295, 844, 296, 845, 297, 846, 298, 847, 299, 847, 300, 848, 301, 849, 302, 850, 303, 850, 304, 851, 305, 852, 306, 852, 307, 853, 308, 854, 309, 854, 310, 855, 311, 856, 312, 857, 313, 858, 314, 858, 315, 859, 316, 860, 317, 860, 318, 861, 319, 862, 320, 863, 321, 864, 322, 864, 323, 865, 324, 866, 325, 867, 326, 868, 327, 868, 328, 869, 329, 870, 330, 871, 331, 871, 332, 872, 333, 873, 334, 873, 335, 874, 336, 875, 337, 875, 338, 874, 339, 873, 340, 872, 340, 871, 340, 870, 341, 869, 341, 868, 341, 867, 341, 866, 341, 865, 341, 865, 342, 865, 343, 866, 344, 867, 345, 868, 346, 868, 347, 869, 348, 870, 349, 870, 350, 871, 351, 872, 352, 873, 353, 873, 354, 873, 355, 873, 356, 874, 357, 874, 358, 875, 359, 876, 359, 877, 360, 878, 360, 879, 360, 880, 360, 881, 360, 882, 360, 883, 360, 884, 360, 885, 360, 886, 360, 887, 360, 888, 360, 889, 360, 890, 360, 891, 360, 892, 359, 893, 359, 894, 359, 895, 359, 896, 359, 897, 359, 898, 359, 899, 359, 900, 359, 901, 359, 902, 359, 903, 358, 904, 358, 905, 358, 906, 358, 907, 358, 908, 358, 909, 358, 910, 358, 911, 358, 912, 358, 913, 357, 914, 357, 915, 357, 916, 357, 917, 357, 918, 357, 919, 357, 920, 357, 921, 357, 922, 357, 923, 356, 924, 356, 925, 356, 926, 356, 927, 356, 928, 356, 929, 356, 930, 356, 931, 356, 932, 355, 933, 355, 934, 355, 935, 355, 936, 355, 937, 355, 938, 355, 939, 355, 940, 355, 941, 354, 942, 354, 943, 354, 944, 354, 945, 354, 946, 354, 947, 354, 948, 354, 949, 354, 950, 353, 951, 353, 952, 353, 953, 353, 954, 353, 955, 352, 956, 352, 957, 352, 958, 351, 959, 350, 958, 349, 958, 348, 957, 347, 957, 346, 957, 345, 957, 344, 957, 343, 957, 342, 958, 341, 958, 340, 958, 339, 958, 338, 958, 337, 958, 336, 958, 335, 958, 334, 958, 333, 959, 332, 959, 331, 960, 330, 960, 329, 959, 328, 958, 327, 957, 327, 956, 326, 955, 325, 954, 324, 953, 323, 952, 322, 951, 322, 950, 321, 950, 320, 949, 320, 948, 320, 947, 319, 946, 318, 945, 317, 944, 316, 943, 315, 943, 314, 943, 313, 943, 312, 942, 311, 942, 310, 941, 309, 940, 308, 939, 307, 938, 306, 937, 305, 936, 304, 935, 303, 934, 303, 933, 303, 932, 303, 931, 303, 930, 302, 930, 301, 929, 300, 928, 299, 927, 298, 926, 297, 925, 296, 924, 295, 923, 294, 922, 293, 921, 292, 920, 291, 919, 290, 919, 289, 918, 288, 918, 287, 918, 286, 917, 286, 916, 285, 915, 284, 914, 283, 913, 282, 913, 281, 912, 280, 911, 279, 910, 279, 909, 278, 908, 277, 907, 276, 906, 275, 905, 274, 904, 273, 903, 272, 902, 271, 901, 271, 900, 270, 900, 269, 899, 268, 898, 267, 898, 266, 897, 266], [843, 274, 844, 273, 845, 274, 844, 275]]}, {"id": 1, "link_category_id": 2, "transformation": [[0.843400537967682, -0.0367239415645599, -0.0953327119350433, 0.241938546299934], [-0.102033823728561, -0.342419356107712, -0.77077841758728, -0.0532634556293488], [-0.00510583817958832, 0.776634752750397, -0.344345211982727, 0.899667084217072], [0, 0, 0, 1]], "segmentation": [[822, 272, 821, 273, 820, 273, 819, 273, 818, 273, 817, 273, 816, 273, 815, 273, 814, 273, 813, 273, 812, 273, 811, 273, 810, 274, 809, 274, 808, 274, 807, 274, 806, 274, 805, 274, 804, 274, 803, 274, 802, 274, 801, 275, 800, 275, 799, 275, 798, 275, 797, 275, 796, 275, 795, 275, 794, 275, 793, 275, 792, 276, 791, 276, 790, 276, 789, 276, 788, 276, 787, 276, 786, 276, 785, 276, 784, 276, 783, 276, 782, 277, 781, 277, 780, 277, 779, 277, 778, 277, 777, 277, 776, 277, 775, 277, 774, 277, 773, 278, 772, 278, 771, 278, 770, 278, 769, 278, 768, 278, 767, 278, 766, 278, 765, 278, 764, 278, 763, 279, 762, 279, 761, 279, 760, 280, 759, 281, 760, 282, 760, 283, 760, 284, 761, 285, 761, 286, 762, 287, 762, 288, 763, 289, 763, 290, 764, 291, 764, 292, 765, 293, 765, 294, 766, 295, 767, 296, 768, 297, 769, 298, 768, 299, 769, 300, 770, 301, 770, 302, 771, 303, 770, 304, 769, 305, 769, 306, 769, 307, 770, 308, 770, 309, 771, 310, 771, 311, 772, 312, 772, 313, 773, 314, 773, 315, 774, 316, 775, 317, 775, 318, 776, 319, 776, 320, 777, 321, 778, 321, 779, 321, 780, 322, 781, 323, 781, 324, 782, 325, 783, 326, 783, 327, 784, 328, 784, 329, 785, 330, 786, 331, 787, 331, 788, 331, 789, 331, 790, 331, 791, 331, 792, 330, 793, 330, 794, 330, 795, 330, 796, 330, 797, 330, 798, 330, 799, 330, 800, 330, 801, 330, 802, 329, 803, 329, 804, 329, 805, 329, 806, 329, 807, 329, 808, 329, 809, 329, 810, 328, 811, 328, 812, 328, 813, 328, 814, 328, 815, 328, 816, 329, 817, 330, 818, 331, 818, 332, 818, 333, 819, 334, 819, 335, 820, 335, 821, 336, 821, 337, 822, 338, 823, 339, 823, 340, 823, 341, 824, 341, 825, 342, 826, 343, 826, 344, 827, 344, 828, 345, 829, 345, 830, 345, 831, 345, 832, 345, 833, 345, 834, 344, 835, 344, 836, 344, 837, 344, 838, 344, 839, 344, 840, 344, 841, 344, 842, 344, 843, 343, 844, 343, 845, 343, 846, 343, 847, 343, 848, 343, 849, 343, 850, 343, 851, 342, 852, 342, 853, 342, 854, 342, 855, 342, 856, 342, 857, 342, 858, 341, 859, 341, 860, 341, 861, 341, 862, 341, 863, 341, 864, 341, 865, 340, 866, 340, 867, 340, 868, 340, 869, 340, 870, 340, 871, 339, 872, 339, 873, 339, 874, 338, 874, 337, 873, 336, 872, 335, 872, 334, 871, 333, 870, 332, 870, 331, 869, 330, 868, 329, 867, 328, 867, 327, 866, 326, 865, 325, 864, 324, 863, 323, 863, 322, 862, 321, 861, 320, 860, 319, 859, 318, 859, 317, 858, 316, 857, 315, 857, 314, 856, 313, 855, 312, 854, 311, 853, 310, 853, 309, 852, 308, 851, 307, 851, 306, 850, 305, 849, 304, 849, 303, 848, 302, 847, 301, 846, 300, 846, 299, 845, 298, 844, 297, 843, 296, 843, 295, 842, 294, 841, 293, 840, 292, 840, 291, 839, 290, 838, 289, 838, 288, 837, 287, 836, 286, 835, 285, 835, 284, 834, 283, 833, 282, 833, 281, 832, 280, 831, 279, 831, 278, 830, 277, 829, 276, 828, 276, 827, 275, 826, 274, 826, 273, 825, 272, 824, 272, 823, 272]]}], "bbox": [759, 266, 961, 361]}, {"id": 1, "category_id": 1, "urdf_id": 3, "links": [{"id": 0, "link_category_id": 1, "transformation": [[-1.15351831912994, -0.1852156072855, -0.12111210078001, -0.0584248118102551], [0.0333145745098591, 0.490145713090897, -1.06687617301941, 0.0452693589031696], [0.218776389956474, -1.05120396614075, -0.476114124059677, 0.75547856092453], [0, 0, 0, 1]],