{"color_path": "scene6/000002.jpg", "depth_path": "scene6/000002.png", "width": 1280, "height": 720, "instances": [{"id": 0, "category_id": 1, "urdf_id": 5, "links": [{"id": 0, "link_category_id": 1, "transformation": [[0.844240963459015, -0.036667887121439, -0.0876014679670334, 0.241866439580917], [-0.0949449390172958, -0.342425793409348, -0.771680772304535, -0.0529459975659847], [-0.00200231675989926, 0.776634573936462, -0.344377666711807, 0.899801015853882], [0, 0, 0, 1]], "segmentation": [[896, 266, 896, 267, 895, 268, 894, 268, 893, 267, 892, 267, 891, 267, 890, 267, 889, 267, 888, 267, 887, 267, 886, 268, 885, 267, 884, 268, 883, 269, 882, 269, 881, 268, 880, 268, 879, 268, 878, 268, 877, 268, 876, 268, 875, 268, 874, 268, 873, 268, 872, 268, 871, 268, 870, 268, 869, 269, 868, 269, 867, 269, 866, 270, 865, 269, 864, 269, 863, 269, 862, 269, 861, 269, 860, 270, 859, 270, 858, 269, 857, 270, 856, 270, 855, 270, 854, 270, 853, 270, 852, 270, 851, 270, 850, 270, 849, 269, 848, 270, 847, 270, 846, 271, 845, 271, 844, 271, 843, 271, 842, 272, 841, 272, 840, 271, 839, 270, 838, 271, 837, 272, 836, 272, 835, 271, 834, 271, 833, 271, 832, 272, 831, 272, 830, 271, 829, 271, 828, 272, 828, 273, 828, 274, 829, 275, 830, 275, 831, 276, 831, 277, 832, 278, 833, 279, 833, 280, 834, 281, 835, 282, 835, 283, 836, 284, 837, 285, 837, 286, 838, 287, 839, 288, 840, 289, 840, 290, 841, 291, 842, 292, 842, 293, 843, 294, 844, 295, 845, 296, 846, 297, 846, 298, 847, 299, 848, 300, 849, 301, 849, 302, 850, 303, 851, 304, 851, 305, 852, 306, 853, 307, 854, 308, 854, 309, 855, 310, 856, 311, 856, 312, 857, 313, 858, 314, 859, 315, 859, 316, 860, 317, 861, 318, 862, 319, 863, 320, 863, 321, 864, 322, 865, 323, 866, 324, 866, 325, 867, 326, 868, 327, 869, 328, 870, 329, 870, 330, 871, 331, 872, 332, 873, 333, 873, 334, 873, 335, 874, 335, 875, 336, 875, 337, 874, 338, 873, 339, 872, 339, 871, 339, 870, 339, 869, 340, 868, 339, 867, 339, 866, 339, 865, 339, 864, 339, 863, 339, 863, 340, 864, 341, 865, 342, 865, 343, 866, 344, 867, 345, 868, 346, 868, 347, 869, 348, 870, 349, 870, 350, 871, 351, 872, 352, 873, 353, 873, 354, 873, 355, 873, 356, 874, 357, 874, 358, 875, 359, 876, 359, 877, 360, 878, 360, 879, 360, 880, 360, 881, 360, 882, 360, 883, 360, 884, 360, 885, 360, 886, 360, 887, 360, 888, 360, 889, 360, 890, 360, 891, 360, 892, 359, 893, 359, 894, 359, 895, 359, 896, 359, 897, 359, 898, 359, 899, 359, 900, 359, 901, 359, 902, 359, 903, 358, 904, 358, 905, 358, 906, 358, 907, 358, 908, 358, 909, 358, 910, 358, 911, 358, 912, 358, 913, 357, 914, 357, 915, 357, 916, 357, 917, 357, 918, 357, 919, 357, 920, 357, 921, 357, 922, 357, 923, 356, 924, 356, 925, 356, 926, 356, 927, 356, 928, 356, 929, 356, 930, 356, 931, 356, 932, 355, 933, 355, 934, 355, 935, 355, 936, 355, 937, 355, 938, 355, 939, 355, 940, 355, 941, 354, 942, 354, 943, 354, 944, 354, 945, 354, 946, 354, 947, 354, 948, 354, 949, 354, 950, 353, 951, 353, 952, 353, 953, 353, 954, 353, 955, 352, 956, 352, 957, 352, 958, 351, 959, 350, 958, 349, 958, 348, 957, 347, 957, 346, 957, 345, 957, 344, 957, 343, 957, 342, 958, 341, 958, 340, 958, 339, 958, 338, 958, 337, 958, 336, 958, 335, 958, 334, 958, 333, 959, 332, 959, 331, 960, 330, 960, 329, 959, 328, 958, 327, 957, 327, 956, 326, 955, 325, 954, 324, 953, 323, 952, 322, 951, 322, 950, 321, 950, 320, 949, 320, 948, 320, 947, 319, 946, 318, 945, 317, 944, 316, 943, 315, 943, 314, 943, 313, 943, 312, 942, 311, 942, 310, 941, 309, 940, 308, 939, 307, 938, 306, 937, 305, 936, 304, 935, 303, 934, 303, 933, 303, 932, 303, 931, 303, 930, 302, 930, 301, 929, 300, 928, 299, 927, 298, 926, 297, 925, 296, 924, 295, 923, 294, 922, 293, 921, 292, 920, 291, 919, 290, 919, 289, 918, 288, 918, 287, 918, 286, 917, 286, 916, 285, 915, 284, 914, 283, 913, 282, 913, 281, 912, 280, 911, 279, 910, 279, 909, 278, 908, 277, 907, 276, 906, 275, 905, 274, 904, 273, 903, 272, 902, 271, 901, 271, 900, 270, 900, 269, 899, 268, 898, 267, 898, 266, 897, 266], [843, 274, 844, 273, 845, 274, 844, 275]]}, {"id": 1, "link_category_id": 2, "transformation": [[0.839401543140411, -0.0351188853383064, 0.126226454973221, 0.238664746284485], [0.101589739322662, -0.34241971373558, -0.770836889743805, -0.0445068217813969], [0.082740381360054, 0.776708841323853, -0.334123700857162, 0.903301417827606], [0, 0, 0, 1]], "segmentation": [[763, 262, 762, 263, 761, 264, 761, 265, 761, 266, 762, 267, 762, 268, 763, 269, 763, 270, 764, 271, 764, 272, 765, 273, 765, 274, 766, 275, 766, 276, 767, 277, 768, 278, 768, 279, 769, 280, 769, 281, 770, 282, 771, 283, 771, 284, 772, 285, 771, 286, 771, 287, 770, 288, 771, 289, 771, 290, 772, 291, 772, 292, 773, 293, 773, 294, 774, 295, 774, 296, 775, 297, 776, 298, 776, 299, 777, 300, 777, 301, 778, 302, 779, 302, 780, 302, 781, 303, 782, 304, 783, 305, 783, 306, 784, 307, 784, 308, 785, 309, 786, 310, 786, 311, 787, 312, 788, 312, 789, 313, 790, 313, 791, 313, 792, 313, 793, 313, 794, 314, 795, 314, 796, 314, 797, 314, 798, 314, 799, 314, 800, 314, 801, 315, 802, 315, 803, 315, 804, 315, 805, 315, 806, 315, 807, 315, 808, 315, 809, 316, 810, 316, 811, 316, 812, 316, 813, 316, 814, 316, 815, 317, 816, 317, 817, 317, 818, 318, 819, 319, 819, 320, 819, 321, 820, 322, 820, 323, 821, 323, 822, 324, 822, 325, 823, 326, 824, 327, 824, 328, 825, 329, 826, 330, 827, 331, 827, 332, 828, 333, 829, 333, 830, 334, 831, 334, 832, 334, 833, 334, 834, 334, 835, 335, 836, 335, 837, 335, 838, 335, 839, 335, 840, 335, 841, 335, 842, 336, 843, 336, 844, 336, 845, 336, 846, 336, 847, 336, 848, 336, 849, 336, 850, 336, 851, 337, 852, 337, 853, 337, 854, 337, 855, 337, 856, 337, 857, 337, 858, 337, 859, 337, 860, 338, 861, 338, 862, 338, 863, 338, 864, 338, 865, 338, 866, 338, 867, 338, 868, 338, 869, 339, 870, 338, 871, 338, 872, 338, 873, 338, 874, 337, 874, 336, 873, 336, 872, 335, 872, 334, 872, 333, 871, 332, 870, 331, 869, 330, 869, 329, 868, 328, 867, 327, 866, 326, 865, 325, 865, 324, 864, 323, 863, 322, 862, 321, 862, 320, 861, 319, 860, 318, 859, 317, 858, 316, 858, 315, 857, 314, 856, 313, 855, 312, 855, 311, 854, 310, 853, 309, 853, 308, 852, 307, 851, 306, 850, 305, 850, 304, 849, 303, 848, 302, 848, 301, 847, 300, 846, 299, 845, 298, 845, 297, 844, 296, 843, 295, 842, 294, 841, 293, 841, 292, 840, 291, 839, 290, 839, 289, 838, 288, 837, 287, 836, 286, 836, 285, 835, 284, 834, 283, 834, 282, 833, 281, 832, 280, 832, 279, 831, 278, 830, 277, 830, 276, 829, 276, 828, 275, 827, 275, 826, 274, 826, 273, 826, 272, 825, 272, 824, 271, 823, 271, 822, 271, 821, 271, 820, 271, 819, 270, 818, 270, 817, 270, 816, 270, 815, 270, 814, 270, 813, 270, 812, 269, 811, 269, 810, 269, 809, 269, 808, 269, 807, 269, 806, 268, 805, 268, 804, 268, 803, 268, 802, 268, 801, 268, 800, 268, 799, 267, 798, 267, 797, 267, 796, 267, 795, 267, 794, 267, 793, 267, 792, 266, 791, 266, 790, 266, 789, 266, 788, 266, 787, 266, 786, 265, 785, 265, 784, 265, 783, 265, 782, 265, 781, 265, 780, 265, 779, 264, 778, 264, 777, 264, 776, 264, 775, 264, 774, 264, 773, 263, 772, 263, 771, 263, 770, 263, 769, 263, 768, 263, 767, 263, 766, 262, 765, 262, 764, 262]]}], "bbox": [761, 262, 961, 361]}, {"id": 1, "category_id": 1, "urdf_id": 3, "links": [{"id": 0, "link_category_id": 1, "transformation": [[-1.15351831912994, -0.1852156072855, -0.12111210078001, -0.0584248118102551], [0.0333145745098591, 0.490145713090897, -1.06687617301941, 0.0452693589031696], [0.218776389956474, -1.05120396614075, -0.476114124059677, 0.75547856092453], [0, 0, 0, 1]],